{
  "totals": {
    "END_OF_GAME_PENDING_KIT_PROCESSING": 604.5649999999999,
    "END_OF_GAME_REMAINING_STOCK": 27454.70000000001,
    "FLIGHT_UNFULFILLED_BUSINESS_CLASS": 98811206.99999984,
    "FLIGHT_UNFULFILLED_ECONOMY_CLASS": 113767137.15000011,
    "FLIGHT_UNFULFILLED_FIRST_CLASS": 46016168.99999994,
    "FLIGHT_UNFULFILLED_PREMIUM_ECONOMY_CLASS": 39503021.40000003,
    "INVENTORY_EXCEEDS_CAPACITY": 1616160.0
  },
  "byDay": {
    "0": {
      "FLIGHT_UNFULFILLED_FIRST_CLASS": 824760.5999999997,
      "FLIGHT_UNFULFILLED_BUSINESS_CLASS": 3625853.8500000006,
      "FLIGHT_UNFULFILLED_PREMIUM_ECONOMY_CLASS": 1315783.8000000003,
      "FLIGHT_UNFULFILLED_ECONOMY_CLASS": 6658315.2,
      "OPERATIONAL_COST": 25662206.324999996
    },
    "1": {
      "FLIGHT_UNFULFILLED_FIRST_CLASS": 1417525.7999999998,
      "FLIGHT_UNFULFILLED_BUSINESS_CLASS": 7330976.549999998,
      "FLIGHT_UNFULFILLED_PREMIUM_ECONOMY_CLASS": 2707599.899999998,
      "FLIGHT_UNFULFILLED_ECONOMY_CLASS": 11654942.24999999,
      "OPERATIONAL_COST": 32690950.250000015
    },
    "2": {
      "FLIGHT_UNFULFILLED_FIRST_CLASS": 1930149.6000000008,
      "FLIGHT_UNFULFILLED_PREMIUM_ECONOMY_CLASS": 1785752.3999999997,
      "FLIGHT_UNFULFILLED_ECONOMY_CLASS": 6435794.3999999985,
      "FLIGHT_UNFULFILLED_BUSINESS_CLASS": 5583536.549999998,
      "OPERATIONAL_COST": 23559381.04
    },
    "3": {
      "FLIGHT_UNFULFILLED_FIRST_CLASS": 581868.5999999999,
      "FLIGHT_UNFULFILLED_BUSINESS_CLASS": 2917312.65,
      "FLIGHT_UNFULFILLED_PREMIUM_ECONOMY_CLASS": 903895.5,
      "FLIGHT_UNFULFILLED_ECONOMY_CLASS": 3404925.1499999994,
      "OPERATIONAL_COST": 15161102.864999995
    },
    "4": {
      "FLIGHT_UNFULFILLED_FIRST_CLASS": 981970.2,
      "FLIGHT_UNFULFILLED_PREMIUM_ECONOMY_CLASS": 1465161.0,
      "FLIGHT_UNFULFILLED_ECONOMY_CLASS": 4664701.949999996,
      "FLIGHT_UNFULFILLED_BUSINESS_CLASS": 5028684.75,
      "OPERATIONAL_COST": 23357087.360000014
    },
    "5": {
      "FLIGHT_UNFULFILLED_FIRST_CLASS": 1148143.8,
      "FLIGHT_UNFULFILLED_BUSINESS_CLASS": 3867647.849999998,
      "FLIGHT_UNFULFILLED_PREMIUM_ECONOMY_CLASS": 1435695.3000000005,
      "FLIGHT_UNFULFILLED_ECONOMY_CLASS": 3763442.5500000003,
      "OPERATIONAL_COST": 22922397.39000006
    },
    "6": {
      "FLIGHT_UNFULFILLED_FIRST_CLASS": 875425.8,
      "FLIGHT_UNFULFILLED_BUSINESS_CLASS": 3886164.4499999997,
      "FLIGHT_UNFULFILLED_PREMIUM_ECONOMY_CLASS": 1256376.2999999998,
      "FLIGHT_UNFULFILLED_ECONOMY_CLASS": 3593500.049999999,
      "OPERATIONAL_COST": 22405247.12500003
    },
    "7": {
      "FLIGHT_UNFULFILLED_FIRST_CLASS": 1672469.9999999988,
      "FLIGHT_UNFULFILLED_PREMIUM_ECONOMY_CLASS": 1492173.9000000004,
      "FLIGHT_UNFULFILLED_ECONOMY_CLASS": 4690474.949999998,
      "FLIGHT_UNFULFILLED_BUSINESS_CLASS": 5758930.8,
      "OPERATIONAL_COST": 31527633.690000057
    },
    "8": {
      "FLIGHT_UNFULFILLED_FIRST_CLASS": 1637258.3999999994,
      "FLIGHT_UNFULFILLED_BUSINESS_CLASS": 3813698.6999999997,
      "FLIGHT_UNFULFILLED_PREMIUM_ECONOMY_CLASS": 1197380.4000000004,
      "FLIGHT_UNFULFILLED_ECONOMY_CLASS": 3899440.4999999995,
      "INVENTORY_EXCEEDS_CAPACITY": 217560.0,
      "OPERATIONAL_COST": 29510334.33499998
    },
    "9": {
      "FLIGHT_UNFULFILLED_FIRST_CLASS": 1081574.4,
      "FLIGHT_UNFULFILLED_PREMIUM_ECONOMY_CLASS": 649785.2999999998,
      "FLIGHT_UNFULFILLED_ECONOMY_CLASS": 3687933.000000003,
      "FLIGHT_UNFULFILLED_BUSINESS_CLASS": 2676116.2500000005,
      "INVENTORY_EXCEEDS_CAPACITY": 250194.0,
      "OPERATIONAL_COST": 23744216.630000114
    },
    "10": {
      "FLIGHT_UNFULFILLED_BUSINESS_CLASS": 1360181.6999999997,
      "FLIGHT_UNFULFILLED_PREMIUM_ECONOMY_CLASS": 509283.3,
      "FLIGHT_UNFULFILLED_ECONOMY_CLASS": 2195408.849999999,
      "FLIGHT_UNFULFILLED_FIRST_CLASS": 582456.0,
      "INVENTORY_EXCEEDS_CAPACITY": 119658.0,
      "OPERATIONAL_COST": 15268361.140000015
    },
    "11": {
      "FLIGHT_UNFULFILLED_FIRST_CLASS": 761810.9999999999,
      "FLIGHT_UNFULFILLED_ECONOMY_CLASS": 2968698.9,
      "FLIGHT_UNFULFILLED_PREMIUM_ECONOMY_CLASS": 494958.3000000001,
      "FLIGHT_UNFULFILLED_BUSINESS_CLASS": 1154033.9999999995,
      "INVENTORY_EXCEEDS_CAPACITY": 212121.0,
      "OPERATIONAL_COST": 21684570.580000103
    },
    "12": {
      "FLIGHT_UNFULFILLED_ECONOMY_CLASS": 2546269.5000000005,
      "FLIGHT_UNFULFILLED_BUSINESS_CLASS": 1354293.4500000004,
      "FLIGHT_UNFULFILLED_PREMIUM_ECONOMY_CLASS": 988457.0999999995,
      "FLIGHT_UNFULFILLED_FIRST_CLASS": 828521.9999999999,
      "INVENTORY_EXCEEDS_CAPACITY": 212121.0,
      "OPERATIONAL_COST": 21823634.805000007
    },
    "13": {
      "FLIGHT_UNFULFILLED_FIRST_CLASS": 1037139.6000000001,
      "FLIGHT_UNFULFILLED_BUSINESS_CLASS": 2521782.8999999994,
      "FLIGHT_UNFULFILLED_PREMIUM_ECONOMY_CLASS": 1116294.5999999999,
      "FLIGHT_UNFULFILLED_ECONOMY_CLASS": 2561524.800000001,
      "OPERATIONAL_COST": 21709783.554999888
    },
    "14": {
      "FLIGHT_UNFULFILLED_FIRST_CLASS": 2056849.7999999996,
      "FLIGHT_UNFULFILLED_PREMIUM_ECONOMY_CLASS": 1617175.8000000003,
      "FLIGHT_UNFULFILLED_BUSINESS_CLASS": 3365666.1000000006,
      "FLIGHT_UNFULFILLED_ECONOMY_CLASS": 4323342.149999999,
      "INVENTORY_EXCEEDS_CAPACITY": 48174.0,
      "OPERATIONAL_COST": 28683372.02999991
    },
    "15": {
      "FLIGHT_UNFULFILLED_FIRST_CLASS": 2161703.9999999995,
      "FLIGHT_UNFULFILLED_PREMIUM_ECONOMY_CLASS": 1497631.199999999,
      "FLIGHT_UNFULFILLED_BUSINESS_CLASS": 3726637.2,
      "FLIGHT_UNFULFILLED_ECONOMY_CLASS": 3190317.3000000017,
      "INVENTORY_EXCEEDS_CAPACITY": 48174.0,
      "OPERATIONAL_COST": 29624611.080000103
    },
    "16": {
      "FLIGHT_UNFULFILLED_FIRST_CLASS": 1671371.4000000001,
      "FLIGHT_UNFULFILLED_BUSINESS_CLASS": 2084884.2,
      "FLIGHT_UNFULFILLED_PREMIUM_ECONOMY_CLASS": 1042297.8,
      "FLIGHT_UNFULFILLED_ECONOMY_CLASS": 2507270.4,
      "OPERATIONAL_COST": 21488470.025000215
    },
    "17": {
      "FLIGHT_UNFULFILLED_FIRST_CLASS": 915970.8,
      "FLIGHT_UNFULFILLED_BUSINESS_CLASS": 1458300.5999999994,
      "FLIGHT_UNFULFILLED_PREMIUM_ECONOMY_CLASS": 860344.8,
      "FLIGHT_UNFULFILLED_ECONOMY_CLASS": 1405705.2000000007,
      "OPERATIONAL_COST": 14285851.820000172
    },
    "18": {
      "FLIGHT_UNFULFILLED_FIRST_CLASS": 1392321.0000000005,
      "FLIGHT_UNFULFILLED_ECONOMY_CLASS": 3560384.7000000007,
      "FLIGHT_UNFULFILLED_BUSINESS_CLASS": 2544154.1999999997,
      "FLIGHT_UNFULFILLED_PREMIUM_ECONOMY_CLASS": 1102877.0999999999,
      "OPERATIONAL_COST": 22339157.25000006
    },
    "19": {
      "FLIGHT_UNFULFILLED_FIRST_CLASS": 1825351.1999999995,
      "FLIGHT_UNFULFILLED_BUSINESS_CLASS": 2464664.849999999,
      "FLIGHT_UNFULFILLED_PREMIUM_ECONOMY_CLASS": 1216472.1,
      "FLIGHT_UNFULFILLED_ECONOMY_CLASS": 3305567.400000001,
      "OPERATIONAL_COST": 23113053.234999895
    },
    "20": {
      "FLIGHT_UNFULFILLED_FIRST_CLASS": 1882595.9999999998,
      "FLIGHT_UNFULFILLED_BUSINESS_CLASS": 2203710.3000000007,
      "FLIGHT_UNFULFILLED_PREMIUM_ECONOMY_CLASS": 1183474.1999999995,
      "FLIGHT_UNFULFILLED_ECONOMY_CLASS": 2329731.2999999993,
      "OPERATIONAL_COST": 22185179.410000145
    },
    "21": {
      "FLIGHT_UNFULFILLED_BUSINESS_CLASS": 4715507.249999997,
      "FLIGHT_UNFULFILLED_PREMIUM_ECONOMY_CLASS": 1904501.4,
      "FLIGHT_UNFULFILLED_FIRST_CLASS": 2116580.999999999,
      "FLIGHT_UNFULFILLED_ECONOMY_CLASS": 4494836.699999997,
      "INVENTORY_EXCEEDS_CAPACITY": 43512.0,
      "OPERATIONAL_COST": 27736930.40500027
    },
    "22": {
      "FLIGHT_UNFULFILLED_BUSINESS_CLASS": 4362394.499999998,
      "FLIGHT_UNFULFILLED_ECONOMY_CLASS": 3618878.999999999,
      "FLIGHT_UNFULFILLED_FIRST_CLASS": 2618212.200000001,
      "FLIGHT_UNFULFILLED_PREMIUM_ECONOMY_CLASS": 1766029.5,
      "INVENTORY_EXCEEDS_CAPACITY": 130536.0,
      "OPERATIONAL_COST": 29069983.940000117
    },